entity:flare_lai_prod_id	ligated_vcf	ligated_vcf_idx
aou_lr_phase2_v1.chr1	gs://fc-secure-e9018a40-98de-4d5d-8f40-16e60c8f8a0b/submissions/7581791a-32db-4edc-aedc-e623ee4b25e1/ShapeitLigate/ea750fdc-1a51-4008-94bb-be97616f1aa7/call-LigateVcfs/attempt-3/aou_lr_phase2_v1.chr1.shapeit4.ligated.bcf	gs://fc-secure-e9018a40-98de-4d5d-8f40-16e60c8f8a0b/submissions/7581791a-32db-4edc-aedc-e623ee4b25e1/ShapeitLigate/ea750fdc-1a51-4008-94bb-be97616f1aa7/call-LigateVcfs/attempt-3/aou_lr_phase2_v1.chr1.shapeit4.ligated.bcf.csi
aou_lr_phase2_v1.chr2	gs://fc-secure-e9018a40-98de-4d5d-8f40-16e60c8f8a0b/submissions/7581791a-32db-4edc-aedc-e623ee4b25e1/ShapeitLigate/94f8de12-ec37-4651-b09d-1255885438e0/call-LigateVcfs/aou_lr_phase2_v1.chr2.shapeit4.ligated.bcf	gs://fc-secure-e9018a40-98de-4d5d-8f40-16e60c8f8a0b/submissions/7581791a-32db-4edc-aedc-e623ee4b25e1/ShapeitLigate/94f8de12-ec37-4651-b09d-1255885438e0/call-LigateVcfs/aou_lr_phase2_v1.chr2.shapeit4.ligated.bcf.csi
aou_lr_phase2_v1.chr3	gs://fc-secure-e9018a40-98de-4d5d-8f40-16e60c8f8a0b/submissions/7581791a-32db-4edc-aedc-e623ee4b25e1/ShapeitLigate/7ac1495d-8e78-4f9c-bc15-95d31fc8fc70/call-LigateVcfs/attempt-3/aou_lr_phase2_v1.chr3.shapeit4.ligated.bcf	gs://fc-secure-e9018a40-98de-4d5d-8f40-16e60c8f8a0b/submissions/7581791a-32db-4edc-aedc-e623ee4b25e1/ShapeitLigate/7ac1495d-8e78-4f9c-bc15-95d31fc8fc70/call-LigateVcfs/attempt-3/aou_lr_phase2_v1.chr3.shapeit4.ligated.bcf.csi
aou_lr_phase2_v1.chr4	gs://fc-secure-e9018a40-98de-4d5d-8f40-16e60c8f8a0b/submissions/43e7e8eb-4dfe-448e-af4e-555e5c8719e0/ShapeitLigate/eaa5dfe5-431e-4311-9f27-dc39537542e2/call-LigateVcfs/aou_lr_phase2_v1.chr4.shapeit4.ligated.bcf	gs://fc-secure-e9018a40-98de-4d5d-8f40-16e60c8f8a0b/submissions/43e7e8eb-4dfe-448e-af4e-555e5c8719e0/ShapeitLigate/eaa5dfe5-431e-4311-9f27-dc39537542e2/call-LigateVcfs/aou_lr_phase2_v1.chr4.shapeit4.ligated.bcf.csi
aou_lr_phase2_v1.chr5	gs://fc-secure-e9018a40-98de-4d5d-8f40-16e60c8f8a0b/submissions/7581791a-32db-4edc-aedc-e623ee4b25e1/ShapeitLigate/86f08e86-1b40-4d45-9fe1-9e26a8739763/call-LigateVcfs/attempt-2/aou_lr_phase2_v1.chr5.shapeit4.ligated.bcf	gs://fc-secure-e9018a40-98de-4d5d-8f40-16e60c8f8a0b/submissions/7581791a-32db-4edc-aedc-e623ee4b25e1/ShapeitLigate/86f08e86-1b40-4d45-9fe1-9e26a8739763/call-LigateVcfs/attempt-2/aou_lr_phase2_v1.chr5.shapeit4.ligated.bcf.csi
aou_lr_phase2_v1.chr6	gs://fc-secure-e9018a40-98de-4d5d-8f40-16e60c8f8a0b/submissions/f4c57a76-50c2-46c2-889e-7a3bab541c88/ShapeitLigate/64d9d3a0-9a0a-440b-ad43-d010c16247e3/call-LigateVcfs/aou_lr_phase2_v1.chr6.shapeit4.ligated.bcf	gs://fc-secure-e9018a40-98de-4d5d-8f40-16e60c8f8a0b/submissions/f4c57a76-50c2-46c2-889e-7a3bab541c88/ShapeitLigate/64d9d3a0-9a0a-440b-ad43-d010c16247e3/call-LigateVcfs/aou_lr_phase2_v1.chr6.shapeit4.ligated.bcf.csi
aou_lr_phase2_v1.chr7	gs://fc-secure-e9018a40-98de-4d5d-8f40-16e60c8f8a0b/submissions/0ed77201-b4c6-4867-889b-a0c4901392a9/ShapeitLigate/695fb7f6-feef-41c7-b320-7595b989f4fe/call-LigateVcfs/aou_lr_phase2_v1.chr7.shapeit4.ligated.bcf	gs://fc-secure-e9018a40-98de-4d5d-8f40-16e60c8f8a0b/submissions/0ed77201-b4c6-4867-889b-a0c4901392a9/ShapeitLigate/695fb7f6-feef-41c7-b320-7595b989f4fe/call-LigateVcfs/aou_lr_phase2_v1.chr7.shapeit4.ligated.bcf.csi
aou_lr_phase2_v1.chr8	gs://fc-secure-e9018a40-98de-4d5d-8f40-16e60c8f8a0b/submissions/a7328695-3f57-48bd-8976-c898772307d2/ShapeitLigate/39f0db4e-b834-4681-a7b8-69866d7cedbc/call-LigateVcfs/aou_lr_phase2_v1.chr8.shapeit4.ligated.bcf	gs://fc-secure-e9018a40-98de-4d5d-8f40-16e60c8f8a0b/submissions/a7328695-3f57-48bd-8976-c898772307d2/ShapeitLigate/39f0db4e-b834-4681-a7b8-69866d7cedbc/call-LigateVcfs/aou_lr_phase2_v1.chr8.shapeit4.ligated.bcf.csi
aou_lr_phase2_v1.chr9	gs://fc-secure-e9018a40-98de-4d5d-8f40-16e60c8f8a0b/submissions/43e7e8eb-4dfe-448e-af4e-555e5c8719e0/ShapeitLigate/10178a7b-e7c4-47c2-97c0-df353baa025e/call-LigateVcfs/cacheCopy/aou_lr_phase2_v1.chr9.shapeit4.ligated.bcf	gs://fc-secure-e9018a40-98de-4d5d-8f40-16e60c8f8a0b/submissions/43e7e8eb-4dfe-448e-af4e-555e5c8719e0/ShapeitLigate/10178a7b-e7c4-47c2-97c0-df353baa025e/call-LigateVcfs/cacheCopy/aou_lr_phase2_v1.chr9.shapeit4.ligated.bcf.csi
aou_lr_phase2_v1.chr10	gs://fc-secure-e9018a40-98de-4d5d-8f40-16e60c8f8a0b/submissions/410e0b69-d4af-4486-b856-ee4de63878f6/ShapeitLigate/b5e4cb4d-3b7c-4d32-b926-124f9f84c906/call-LigateVcfs/aou_lr_phase2_v1.chr10.shapeit4.ligated.bcf	gs://fc-secure-e9018a40-98de-4d5d-8f40-16e60c8f8a0b/submissions/410e0b69-d4af-4486-b856-ee4de63878f6/ShapeitLigate/b5e4cb4d-3b7c-4d32-b926-124f9f84c906/call-LigateVcfs/aou_lr_phase2_v1.chr10.shapeit4.ligated.bcf.csi
aou_lr_phase2_v1.chr11	gs://fc-secure-e9018a40-98de-4d5d-8f40-16e60c8f8a0b/submissions/12537707-4ed5-434b-9c64-c8097f4d8014/ShapeitLigate/5d7f6b37-259c-4537-9eb0-6eb76beb251b/call-LigateVcfs/attempt-3/aou_lr_phase2_v1.chr11.shapeit4.ligated.bcf	gs://fc-secure-e9018a40-98de-4d5d-8f40-16e60c8f8a0b/submissions/12537707-4ed5-434b-9c64-c8097f4d8014/ShapeitLigate/5d7f6b37-259c-4537-9eb0-6eb76beb251b/call-LigateVcfs/attempt-3/aou_lr_phase2_v1.chr11.shapeit4.ligated.bcf.csi
aou_lr_phase2_v1.chr12	gs://fc-secure-e9018a40-98de-4d5d-8f40-16e60c8f8a0b/submissions/43e7e8eb-4dfe-448e-af4e-555e5c8719e0/ShapeitLigate/a97c66a1-5791-4830-89ac-4092a3344e45/call-LigateVcfs/aou_lr_phase2_v1.chr12.shapeit4.ligated.bcf	gs://fc-secure-e9018a40-98de-4d5d-8f40-16e60c8f8a0b/submissions/43e7e8eb-4dfe-448e-af4e-555e5c8719e0/ShapeitLigate/a97c66a1-5791-4830-89ac-4092a3344e45/call-LigateVcfs/aou_lr_phase2_v1.chr12.shapeit4.ligated.bcf.csi
aou_lr_phase2_v1.chr13	gs://fc-secure-e9018a40-98de-4d5d-8f40-16e60c8f8a0b/submissions/1ef00e77-14b9-4bab-958f-ce9100781fa2/ShapeitLigate/9111db9c-69e8-4a3b-b5d6-a2acb903d2ef/call-LigateVcfs/aou_lr_phase2_v1.chr13.shapeit4.ligated.bcf	gs://fc-secure-e9018a40-98de-4d5d-8f40-16e60c8f8a0b/submissions/1ef00e77-14b9-4bab-958f-ce9100781fa2/ShapeitLigate/9111db9c-69e8-4a3b-b5d6-a2acb903d2ef/call-LigateVcfs/aou_lr_phase2_v1.chr13.shapeit4.ligated.bcf.csi
aou_lr_phase2_v1.chr14	gs://fc-secure-e9018a40-98de-4d5d-8f40-16e60c8f8a0b/submissions/bcd57e49-8b1a-4e15-a121-7f59ea6ed1d4/ShapeitLigate/4c05070c-bd6f-4c58-bf7f-1313a7394398/call-LigateVcfs/aou_lr_phase2_v1.chr14.shapeit4.ligated.bcf	gs://fc-secure-e9018a40-98de-4d5d-8f40-16e60c8f8a0b/submissions/bcd57e49-8b1a-4e15-a121-7f59ea6ed1d4/ShapeitLigate/4c05070c-bd6f-4c58-bf7f-1313a7394398/call-LigateVcfs/aou_lr_phase2_v1.chr14.shapeit4.ligated.bcf.csi
aou_lr_phase2_v1.chr15	gs://fc-secure-e9018a40-98de-4d5d-8f40-16e60c8f8a0b/submissions/7581791a-32db-4edc-aedc-e623ee4b25e1/ShapeitLigate/6239b67a-cabf-48c5-bad0-a3891f162949/call-LigateVcfs/aou_lr_phase2_v1.chr15.shapeit4.ligated.bcf	gs://fc-secure-e9018a40-98de-4d5d-8f40-16e60c8f8a0b/submissions/7581791a-32db-4edc-aedc-e623ee4b25e1/ShapeitLigate/6239b67a-cabf-48c5-bad0-a3891f162949/call-LigateVcfs/aou_lr_phase2_v1.chr15.shapeit4.ligated.bcf.csi
aou_lr_phase2_v1.chr16	gs://fc-secure-e9018a40-98de-4d5d-8f40-16e60c8f8a0b/submissions/4093e90c-9951-46b4-8fb1-ae37a22a32a6/ShapeitLigate/0e424a49-abea-4794-80fe-92ff56974160/call-LigateVcfs/aou_lr_phase2_v1.chr16.shapeit4.ligated.bcf	gs://fc-secure-e9018a40-98de-4d5d-8f40-16e60c8f8a0b/submissions/4093e90c-9951-46b4-8fb1-ae37a22a32a6/ShapeitLigate/0e424a49-abea-4794-80fe-92ff56974160/call-LigateVcfs/aou_lr_phase2_v1.chr16.shapeit4.ligated.bcf.csi
aou_lr_phase2_v1.chr17	gs://fc-secure-e9018a40-98de-4d5d-8f40-16e60c8f8a0b/submissions/94b7d3f8-a5b7-42a6-8020-e43f9fc81d6d/ShapeitLigate/90157d54-de75-4a22-bae4-611d5147c596/call-LigateVcfs/aou_lr_phase2_v1.chr17.shapeit4.ligated.bcf	gs://fc-secure-e9018a40-98de-4d5d-8f40-16e60c8f8a0b/submissions/94b7d3f8-a5b7-42a6-8020-e43f9fc81d6d/ShapeitLigate/90157d54-de75-4a22-bae4-611d5147c596/call-LigateVcfs/aou_lr_phase2_v1.chr17.shapeit4.ligated.bcf.csi
aou_lr_phase2_v1.chr18	gs://fc-secure-e9018a40-98de-4d5d-8f40-16e60c8f8a0b/submissions/dd610dbf-18b2-410e-ba63-fbacac9fb64b/ShapeitLigate/02e019eb-9189-4339-a13e-e5448c498dd4/call-LigateVcfs/aou_lr_phase2_v1.chr18.shapeit4.ligated.bcf	gs://fc-secure-e9018a40-98de-4d5d-8f40-16e60c8f8a0b/submissions/dd610dbf-18b2-410e-ba63-fbacac9fb64b/ShapeitLigate/02e019eb-9189-4339-a13e-e5448c498dd4/call-LigateVcfs/aou_lr_phase2_v1.chr18.shapeit4.ligated.bcf.csi
aou_lr_phase2_v1.chr19	gs://fc-secure-e9018a40-98de-4d5d-8f40-16e60c8f8a0b/submissions/4d812f63-f9df-4ab9-822a-fd76d0af70bd/ShapeitLigate/23c1ae25-8bb6-4eb7-a40b-9ad3d3a7d6c4/call-LigateVcfs/aou_lr_phase2_v1.chr19.shapeit4.ligated.bcf	gs://fc-secure-e9018a40-98de-4d5d-8f40-16e60c8f8a0b/submissions/4d812f63-f9df-4ab9-822a-fd76d0af70bd/ShapeitLigate/23c1ae25-8bb6-4eb7-a40b-9ad3d3a7d6c4/call-LigateVcfs/aou_lr_phase2_v1.chr19.shapeit4.ligated.bcf.csi
aou_lr_phase2_v1.chr20	gs://fc-secure-e9018a40-98de-4d5d-8f40-16e60c8f8a0b/submissions/7581791a-32db-4edc-aedc-e623ee4b25e1/ShapeitLigate/392520ba-1cb0-47ff-af14-2242d7e88cf9/call-LigateVcfs/aou_lr_phase2_v1.chr20.shapeit4.ligated.bcf	gs://fc-secure-e9018a40-98de-4d5d-8f40-16e60c8f8a0b/submissions/7581791a-32db-4edc-aedc-e623ee4b25e1/ShapeitLigate/392520ba-1cb0-47ff-af14-2242d7e88cf9/call-LigateVcfs/aou_lr_phase2_v1.chr20.shapeit4.ligated.bcf.csi
aou_lr_phase2_v1.chr21	gs://fc-secure-e9018a40-98de-4d5d-8f40-16e60c8f8a0b/submissions/43e7e8eb-4dfe-448e-af4e-555e5c8719e0/ShapeitLigate/01c92cf3-3a2d-4267-9359-6282981e8697/call-LigateVcfs/cacheCopy/aou_lr_phase2_v1.chr21.shapeit4.ligated.bcf	gs://fc-secure-e9018a40-98de-4d5d-8f40-16e60c8f8a0b/submissions/43e7e8eb-4dfe-448e-af4e-555e5c8719e0/ShapeitLigate/01c92cf3-3a2d-4267-9359-6282981e8697/call-LigateVcfs/cacheCopy/aou_lr_phase2_v1.chr21.shapeit4.ligated.bcf.csi
aou_lr_phase2_v1.chr22	gs://fc-secure-e9018a40-98de-4d5d-8f40-16e60c8f8a0b/submissions/1afc8c31-3490-4248-bc63-ed1177ab064f/ShapeitLigate/f77ac584-6cef-4a3d-921f-753c975bf93c/call-LigateVcfs/aou_lr_phase2_v1.chr22.shapeit4.ligated.bcf	gs://fc-secure-e9018a40-98de-4d5d-8f40-16e60c8f8a0b/submissions/1afc8c31-3490-4248-bc63-ed1177ab064f/ShapeitLigate/f77ac584-6cef-4a3d-921f-753c975bf93c/call-LigateVcfs/aou_lr_phase2_v1.chr22.shapeit4.ligated.bcf.csi
