entity:flare_lai_prod_id	chrom	notes	allow_unrepresented_pops	biallelic_snvs_only	drop_pops	em	exclude_controls	exclude_regions	flare2_em	flare2_min_autocorr	flare2_nanc	gen	gen_by_pop	gen_by_pop_allow_default	gt_vcf	gt_vcf_index	include_pops	indel_flank_bp	inherit_mu	inherit_panel_weights	inherit_props	map_file	min_mac	min_maf	output_prefix	pop_models	probs	props_by_pop	ref_panel	ref_vcf	ref_vcf_index	region	seed	target_hwe_pval	target_min_maf	update_p
aou_lr_phase2_v1.chr1	chr1	genome-wide production pin (recipe = chr20_flat_props_pin_t); probs off	true	false		false	true		true	0.25	0	8	AFR:8,AMR:12,EUR:8,EAS:8,SAS:8,MID:8	false	gs://fc-secure-1c6b9393-5e5d-4a87-b483-d1f0b019af92/submissions/4b6cbdb4-448d-4cf0-a13d-5b5189dc58bf/bcftools_bcf_to_vcf/ced156a8-2aad-435c-8894-05d7e6188384/call-bcftools_bcf_to_vcf_task/attempt-2/aou_lr_phase2_v1.chr1.vcf.gz	gs://fc-secure-1c6b9393-5e5d-4a87-b483-d1f0b019af92/submissions/4b6cbdb4-448d-4cf0-a13d-5b5189dc58bf/bcftools_bcf_to_vcf/ced156a8-2aad-435c-8894-05d7e6188384/call-bcftools_bcf_to_vcf_task/attempt-2/aou_lr_phase2_v1.chr1.vcf.gz.tbi		0	true	true	true	gs://fc-secure-1c6b9393-5e5d-4a87-b483-d1f0b019af92/maps/plink.chrchr1.GRCh38.map	50	0.005	lai_prod.aou_lr_phase2_v1.chr1	[]	false		gs://fc-secure-1c6b9393-5e5d-4a87-b483-d1f0b019af92/Reference_plink/aou_1000genomes.refmap	gs://fc-secure-1c6b9393-5e5d-4a87-b483-d1f0b019af92/outputs/gnomad_lai_90/chr1.gnomad_lai_90.vcf.bgz	gs://fc-secure-1c6b9393-5e5d-4a87-b483-d1f0b019af92/outputs/gnomad_lai_90/chr1.gnomad_lai_90.vcf.bgz.tbi		12345	0	0	true
aou_lr_phase2_v1.chr2	chr2	genome-wide production pin (recipe = chr20_flat_props_pin_t); probs off	true	false		false	true		true	0.25	0	8	AFR:8,AMR:12,EUR:8,EAS:8,SAS:8,MID:8	false	gs://fc-secure-1c6b9393-5e5d-4a87-b483-d1f0b019af92/submissions/4b6cbdb4-448d-4cf0-a13d-5b5189dc58bf/bcftools_bcf_to_vcf/abb47f24-9229-46c1-b3b5-8c6a825aadf7/call-bcftools_bcf_to_vcf_task/attempt-3/aou_lr_phase2_v1.chr2.vcf.gz	gs://fc-secure-1c6b9393-5e5d-4a87-b483-d1f0b019af92/submissions/4b6cbdb4-448d-4cf0-a13d-5b5189dc58bf/bcftools_bcf_to_vcf/abb47f24-9229-46c1-b3b5-8c6a825aadf7/call-bcftools_bcf_to_vcf_task/attempt-3/aou_lr_phase2_v1.chr2.vcf.gz.tbi		0	true	true	true	gs://fc-secure-1c6b9393-5e5d-4a87-b483-d1f0b019af92/maps/plink.chrchr2.GRCh38.map	50	0.005	lai_prod.aou_lr_phase2_v1.chr2	[]	false		gs://fc-secure-1c6b9393-5e5d-4a87-b483-d1f0b019af92/Reference_plink/aou_1000genomes.refmap	gs://fc-secure-1c6b9393-5e5d-4a87-b483-d1f0b019af92/outputs/gnomad_lai_90/chr2.gnomad_lai_90.vcf.bgz	gs://fc-secure-1c6b9393-5e5d-4a87-b483-d1f0b019af92/outputs/gnomad_lai_90/chr2.gnomad_lai_90.vcf.bgz.tbi		12345	0	0	true
aou_lr_phase2_v1.chr3	chr3	genome-wide production pin (recipe = chr20_flat_props_pin_t); probs off	true	false		false	true		true	0.25	0	8	AFR:8,AMR:12,EUR:8,EAS:8,SAS:8,MID:8	false	gs://fc-secure-1c6b9393-5e5d-4a87-b483-d1f0b019af92/submissions/4b6cbdb4-448d-4cf0-a13d-5b5189dc58bf/bcftools_bcf_to_vcf/b53ca98e-89e7-4677-9bda-fa7c3c922c40/call-bcftools_bcf_to_vcf_task/attempt-3/aou_lr_phase2_v1.chr3.vcf.gz	gs://fc-secure-1c6b9393-5e5d-4a87-b483-d1f0b019af92/submissions/4b6cbdb4-448d-4cf0-a13d-5b5189dc58bf/bcftools_bcf_to_vcf/b53ca98e-89e7-4677-9bda-fa7c3c922c40/call-bcftools_bcf_to_vcf_task/attempt-3/aou_lr_phase2_v1.chr3.vcf.gz.tbi		0	true	true	true	gs://fc-secure-1c6b9393-5e5d-4a87-b483-d1f0b019af92/maps/plink.chrchr3.GRCh38.map	50	0.005	lai_prod.aou_lr_phase2_v1.chr3	[]	false		gs://fc-secure-1c6b9393-5e5d-4a87-b483-d1f0b019af92/Reference_plink/aou_1000genomes.refmap	gs://fc-secure-1c6b9393-5e5d-4a87-b483-d1f0b019af92/outputs/gnomad_lai_90/chr3.gnomad_lai_90.vcf.bgz	gs://fc-secure-1c6b9393-5e5d-4a87-b483-d1f0b019af92/outputs/gnomad_lai_90/chr3.gnomad_lai_90.vcf.bgz.tbi		12345	0	0	true
aou_lr_phase2_v1.chr4	chr4	genome-wide production pin (recipe = chr20_flat_props_pin_t); probs off	true	false		false	true		true	0.25	0	8	AFR:8,AMR:12,EUR:8,EAS:8,SAS:8,MID:8	false	gs://fc-secure-1c6b9393-5e5d-4a87-b483-d1f0b019af92/submissions/4b6cbdb4-448d-4cf0-a13d-5b5189dc58bf/bcftools_bcf_to_vcf/5f435e64-5a9e-4015-8a7f-d7774a71a9d1/call-bcftools_bcf_to_vcf_task/attempt-3/aou_lr_phase2_v1.chr4.vcf.gz	gs://fc-secure-1c6b9393-5e5d-4a87-b483-d1f0b019af92/submissions/4b6cbdb4-448d-4cf0-a13d-5b5189dc58bf/bcftools_bcf_to_vcf/5f435e64-5a9e-4015-8a7f-d7774a71a9d1/call-bcftools_bcf_to_vcf_task/attempt-3/aou_lr_phase2_v1.chr4.vcf.gz.tbi		0	true	true	true	gs://fc-secure-1c6b9393-5e5d-4a87-b483-d1f0b019af92/maps/plink.chrchr4.GRCh38.map	50	0.005	lai_prod.aou_lr_phase2_v1.chr4	[]	false		gs://fc-secure-1c6b9393-5e5d-4a87-b483-d1f0b019af92/Reference_plink/aou_1000genomes.refmap	gs://fc-secure-1c6b9393-5e5d-4a87-b483-d1f0b019af92/outputs/gnomad_lai_90/chr4.gnomad_lai_90.vcf.bgz	gs://fc-secure-1c6b9393-5e5d-4a87-b483-d1f0b019af92/outputs/gnomad_lai_90/chr4.gnomad_lai_90.vcf.bgz.tbi		12345	0	0	true
aou_lr_phase2_v1.chr5	chr5	genome-wide production pin (recipe = chr20_flat_props_pin_t); probs off	true	false		false	true		true	0.25	0	8	AFR:8,AMR:12,EUR:8,EAS:8,SAS:8,MID:8	false	gs://fc-secure-1c6b9393-5e5d-4a87-b483-d1f0b019af92/submissions/4b6cbdb4-448d-4cf0-a13d-5b5189dc58bf/bcftools_bcf_to_vcf/63c9c197-0aec-4434-8590-a03dacd20048/call-bcftools_bcf_to_vcf_task/attempt-2/aou_lr_phase2_v1.chr5.vcf.gz	gs://fc-secure-1c6b9393-5e5d-4a87-b483-d1f0b019af92/submissions/4b6cbdb4-448d-4cf0-a13d-5b5189dc58bf/bcftools_bcf_to_vcf/63c9c197-0aec-4434-8590-a03dacd20048/call-bcftools_bcf_to_vcf_task/attempt-2/aou_lr_phase2_v1.chr5.vcf.gz.tbi		0	true	true	true	gs://fc-secure-1c6b9393-5e5d-4a87-b483-d1f0b019af92/maps/plink.chrchr5.GRCh38.map	50	0.005	lai_prod.aou_lr_phase2_v1.chr5	[]	false		gs://fc-secure-1c6b9393-5e5d-4a87-b483-d1f0b019af92/Reference_plink/aou_1000genomes.refmap	gs://fc-secure-1c6b9393-5e5d-4a87-b483-d1f0b019af92/outputs/gnomad_lai_90/chr5.gnomad_lai_90.vcf.bgz	gs://fc-secure-1c6b9393-5e5d-4a87-b483-d1f0b019af92/outputs/gnomad_lai_90/chr5.gnomad_lai_90.vcf.bgz.tbi		12345	0	0	true
aou_lr_phase2_v1.chr6	chr6	genome-wide production pin (recipe = chr20_flat_props_pin_t); probs off	true	false		false	true		true	0.25	0	8	AFR:8,AMR:12,EUR:8,EAS:8,SAS:8,MID:8	false	gs://fc-secure-1c6b9393-5e5d-4a87-b483-d1f0b019af92/submissions/4b6cbdb4-448d-4cf0-a13d-5b5189dc58bf/bcftools_bcf_to_vcf/eaa74d23-f45d-4971-bbb0-a0033a08be80/call-bcftools_bcf_to_vcf_task/attempt-2/aou_lr_phase2_v1.chr6.vcf.gz	gs://fc-secure-1c6b9393-5e5d-4a87-b483-d1f0b019af92/submissions/4b6cbdb4-448d-4cf0-a13d-5b5189dc58bf/bcftools_bcf_to_vcf/eaa74d23-f45d-4971-bbb0-a0033a08be80/call-bcftools_bcf_to_vcf_task/attempt-2/aou_lr_phase2_v1.chr6.vcf.gz.tbi		0	true	true	true	gs://fc-secure-1c6b9393-5e5d-4a87-b483-d1f0b019af92/maps/plink.chrchr6.GRCh38.map	50	0.005	lai_prod.aou_lr_phase2_v1.chr6	[]	false		gs://fc-secure-1c6b9393-5e5d-4a87-b483-d1f0b019af92/Reference_plink/aou_1000genomes.refmap	gs://fc-secure-1c6b9393-5e5d-4a87-b483-d1f0b019af92/outputs/gnomad_lai_90/chr6.gnomad_lai_90.vcf.bgz	gs://fc-secure-1c6b9393-5e5d-4a87-b483-d1f0b019af92/outputs/gnomad_lai_90/chr6.gnomad_lai_90.vcf.bgz.tbi		12345	0	0	true
aou_lr_phase2_v1.chr7	chr7	genome-wide production pin (recipe = chr20_flat_props_pin_t); probs off	true	false		false	true		true	0.25	0	8	AFR:8,AMR:12,EUR:8,EAS:8,SAS:8,MID:8	false	gs://fc-secure-1c6b9393-5e5d-4a87-b483-d1f0b019af92/submissions/4b6cbdb4-448d-4cf0-a13d-5b5189dc58bf/bcftools_bcf_to_vcf/1bf8f75d-0817-42d2-8d93-85ec3718007d/call-bcftools_bcf_to_vcf_task/aou_lr_phase2_v1.chr7.vcf.gz	gs://fc-secure-1c6b9393-5e5d-4a87-b483-d1f0b019af92/submissions/4b6cbdb4-448d-4cf0-a13d-5b5189dc58bf/bcftools_bcf_to_vcf/1bf8f75d-0817-42d2-8d93-85ec3718007d/call-bcftools_bcf_to_vcf_task/aou_lr_phase2_v1.chr7.vcf.gz.tbi		0	true	true	true	gs://fc-secure-1c6b9393-5e5d-4a87-b483-d1f0b019af92/maps/plink.chrchr7.GRCh38.map	50	0.005	lai_prod.aou_lr_phase2_v1.chr7	[]	false		gs://fc-secure-1c6b9393-5e5d-4a87-b483-d1f0b019af92/Reference_plink/aou_1000genomes.refmap	gs://fc-secure-1c6b9393-5e5d-4a87-b483-d1f0b019af92/outputs/gnomad_lai_90/chr7.gnomad_lai_90.vcf.bgz	gs://fc-secure-1c6b9393-5e5d-4a87-b483-d1f0b019af92/outputs/gnomad_lai_90/chr7.gnomad_lai_90.vcf.bgz.tbi		12345	0	0	true
aou_lr_phase2_v1.chr8	chr8	genome-wide production pin (recipe = chr20_flat_props_pin_t); probs off	true	false		false	true		true	0.25	0	8	AFR:8,AMR:12,EUR:8,EAS:8,SAS:8,MID:8	false	gs://fc-secure-1c6b9393-5e5d-4a87-b483-d1f0b019af92/submissions/4b6cbdb4-448d-4cf0-a13d-5b5189dc58bf/bcftools_bcf_to_vcf/98144af8-a10b-4cf4-816f-4cf64f8420ff/call-bcftools_bcf_to_vcf_task/aou_lr_phase2_v1.chr8.vcf.gz	gs://fc-secure-1c6b9393-5e5d-4a87-b483-d1f0b019af92/submissions/4b6cbdb4-448d-4cf0-a13d-5b5189dc58bf/bcftools_bcf_to_vcf/98144af8-a10b-4cf4-816f-4cf64f8420ff/call-bcftools_bcf_to_vcf_task/aou_lr_phase2_v1.chr8.vcf.gz.tbi		0	true	true	true	gs://fc-secure-1c6b9393-5e5d-4a87-b483-d1f0b019af92/maps/plink.chrchr8.GRCh38.map	50	0.005	lai_prod.aou_lr_phase2_v1.chr8	[]	false		gs://fc-secure-1c6b9393-5e5d-4a87-b483-d1f0b019af92/Reference_plink/aou_1000genomes.refmap	gs://fc-secure-1c6b9393-5e5d-4a87-b483-d1f0b019af92/outputs/gnomad_lai_90/chr8.gnomad_lai_90.vcf.bgz	gs://fc-secure-1c6b9393-5e5d-4a87-b483-d1f0b019af92/outputs/gnomad_lai_90/chr8.gnomad_lai_90.vcf.bgz.tbi		12345	0	0	true
aou_lr_phase2_v1.chr9	chr9	genome-wide production pin (recipe = chr20_flat_props_pin_t); probs off	true	false		false	true		true	0.25	0	8	AFR:8,AMR:12,EUR:8,EAS:8,SAS:8,MID:8	false	gs://fc-secure-1c6b9393-5e5d-4a87-b483-d1f0b019af92/submissions/4b6cbdb4-448d-4cf0-a13d-5b5189dc58bf/bcftools_bcf_to_vcf/93f0fd80-eae4-4c15-a3d7-56c052c41a95/call-bcftools_bcf_to_vcf_task/attempt-2/aou_lr_phase2_v1.chr9.vcf.gz	gs://fc-secure-1c6b9393-5e5d-4a87-b483-d1f0b019af92/submissions/4b6cbdb4-448d-4cf0-a13d-5b5189dc58bf/bcftools_bcf_to_vcf/93f0fd80-eae4-4c15-a3d7-56c052c41a95/call-bcftools_bcf_to_vcf_task/attempt-2/aou_lr_phase2_v1.chr9.vcf.gz.tbi		0	true	true	true	gs://fc-secure-1c6b9393-5e5d-4a87-b483-d1f0b019af92/maps/plink.chrchr9.GRCh38.map	50	0.005	lai_prod.aou_lr_phase2_v1.chr9	[]	false		gs://fc-secure-1c6b9393-5e5d-4a87-b483-d1f0b019af92/Reference_plink/aou_1000genomes.refmap	gs://fc-secure-1c6b9393-5e5d-4a87-b483-d1f0b019af92/outputs/gnomad_lai_90/chr9.gnomad_lai_90.vcf.bgz	gs://fc-secure-1c6b9393-5e5d-4a87-b483-d1f0b019af92/outputs/gnomad_lai_90/chr9.gnomad_lai_90.vcf.bgz.tbi		12345	0	0	true
aou_lr_phase2_v1.chr10	chr10	genome-wide production pin (recipe = chr20_flat_props_pin_t); probs off	true	false		false	true		true	0.25	0	8	AFR:8,AMR:12,EUR:8,EAS:8,SAS:8,MID:8	false	gs://fc-secure-1c6b9393-5e5d-4a87-b483-d1f0b019af92/submissions/4b6cbdb4-448d-4cf0-a13d-5b5189dc58bf/bcftools_bcf_to_vcf/b8b3b382-8626-4acd-be8c-efead5f0119b/call-bcftools_bcf_to_vcf_task/attempt-3/aou_lr_phase2_v1.chr10.vcf.gz	gs://fc-secure-1c6b9393-5e5d-4a87-b483-d1f0b019af92/submissions/4b6cbdb4-448d-4cf0-a13d-5b5189dc58bf/bcftools_bcf_to_vcf/b8b3b382-8626-4acd-be8c-efead5f0119b/call-bcftools_bcf_to_vcf_task/attempt-3/aou_lr_phase2_v1.chr10.vcf.gz.tbi		0	true	true	true	gs://fc-secure-1c6b9393-5e5d-4a87-b483-d1f0b019af92/maps/plink.chrchr10.GRCh38.map	50	0.005	lai_prod.aou_lr_phase2_v1.chr10	[]	false		gs://fc-secure-1c6b9393-5e5d-4a87-b483-d1f0b019af92/Reference_plink/aou_1000genomes.refmap	gs://fc-secure-1c6b9393-5e5d-4a87-b483-d1f0b019af92/outputs/gnomad_lai_90/chr10.gnomad_lai_90.vcf.bgz	gs://fc-secure-1c6b9393-5e5d-4a87-b483-d1f0b019af92/outputs/gnomad_lai_90/chr10.gnomad_lai_90.vcf.bgz.tbi		12345	0	0	true
aou_lr_phase2_v1.chr11	chr11	genome-wide production pin (recipe = chr20_flat_props_pin_t); probs off	true	false		false	true		true	0.25	0	8	AFR:8,AMR:12,EUR:8,EAS:8,SAS:8,MID:8	false	gs://fc-secure-1c6b9393-5e5d-4a87-b483-d1f0b019af92/submissions/4b6cbdb4-448d-4cf0-a13d-5b5189dc58bf/bcftools_bcf_to_vcf/7d894bc1-8c69-425b-9de3-806edcd40145/call-bcftools_bcf_to_vcf_task/attempt-2/aou_lr_phase2_v1.chr11.vcf.gz	gs://fc-secure-1c6b9393-5e5d-4a87-b483-d1f0b019af92/submissions/4b6cbdb4-448d-4cf0-a13d-5b5189dc58bf/bcftools_bcf_to_vcf/7d894bc1-8c69-425b-9de3-806edcd40145/call-bcftools_bcf_to_vcf_task/attempt-2/aou_lr_phase2_v1.chr11.vcf.gz.tbi		0	true	true	true	gs://fc-secure-1c6b9393-5e5d-4a87-b483-d1f0b019af92/maps/plink.chrchr11.GRCh38.map	50	0.005	lai_prod.aou_lr_phase2_v1.chr11	[]	false		gs://fc-secure-1c6b9393-5e5d-4a87-b483-d1f0b019af92/Reference_plink/aou_1000genomes.refmap	gs://fc-secure-1c6b9393-5e5d-4a87-b483-d1f0b019af92/outputs/gnomad_lai_90/chr11.gnomad_lai_90.vcf.bgz	gs://fc-secure-1c6b9393-5e5d-4a87-b483-d1f0b019af92/outputs/gnomad_lai_90/chr11.gnomad_lai_90.vcf.bgz.tbi		12345	0	0	true
aou_lr_phase2_v1.chr12	chr12	genome-wide production pin (recipe = chr20_flat_props_pin_t); probs off	true	false		false	true		true	0.25	0	8	AFR:8,AMR:12,EUR:8,EAS:8,SAS:8,MID:8	false	gs://fc-secure-1c6b9393-5e5d-4a87-b483-d1f0b019af92/submissions/4b6cbdb4-448d-4cf0-a13d-5b5189dc58bf/bcftools_bcf_to_vcf/7441aff7-059e-4252-9fb6-0bebb7f0b48b/call-bcftools_bcf_to_vcf_task/aou_lr_phase2_v1.chr12.vcf.gz	gs://fc-secure-1c6b9393-5e5d-4a87-b483-d1f0b019af92/submissions/4b6cbdb4-448d-4cf0-a13d-5b5189dc58bf/bcftools_bcf_to_vcf/7441aff7-059e-4252-9fb6-0bebb7f0b48b/call-bcftools_bcf_to_vcf_task/aou_lr_phase2_v1.chr12.vcf.gz.tbi		0	true	true	true	gs://fc-secure-1c6b9393-5e5d-4a87-b483-d1f0b019af92/maps/plink.chrchr12.GRCh38.map	50	0.005	lai_prod.aou_lr_phase2_v1.chr12	[]	false		gs://fc-secure-1c6b9393-5e5d-4a87-b483-d1f0b019af92/Reference_plink/aou_1000genomes.refmap	gs://fc-secure-1c6b9393-5e5d-4a87-b483-d1f0b019af92/outputs/gnomad_lai_90/chr12.gnomad_lai_90.vcf.bgz	gs://fc-secure-1c6b9393-5e5d-4a87-b483-d1f0b019af92/outputs/gnomad_lai_90/chr12.gnomad_lai_90.vcf.bgz.tbi		12345	0	0	true
aou_lr_phase2_v1.chr13	chr13	genome-wide production pin (recipe = chr20_flat_props_pin_t); probs off	true	false		false	true		true	0.25	0	8	AFR:8,AMR:12,EUR:8,EAS:8,SAS:8,MID:8	false	gs://fc-secure-1c6b9393-5e5d-4a87-b483-d1f0b019af92/submissions/4b6cbdb4-448d-4cf0-a13d-5b5189dc58bf/bcftools_bcf_to_vcf/384c4f13-6a12-40d3-8438-d0c95ca7628a/call-bcftools_bcf_to_vcf_task/attempt-2/aou_lr_phase2_v1.chr13.vcf.gz	gs://fc-secure-1c6b9393-5e5d-4a87-b483-d1f0b019af92/submissions/4b6cbdb4-448d-4cf0-a13d-5b5189dc58bf/bcftools_bcf_to_vcf/384c4f13-6a12-40d3-8438-d0c95ca7628a/call-bcftools_bcf_to_vcf_task/attempt-2/aou_lr_phase2_v1.chr13.vcf.gz.tbi		0	true	true	true	gs://fc-secure-1c6b9393-5e5d-4a87-b483-d1f0b019af92/maps/plink.chrchr13.GRCh38.map	50	0.005	lai_prod.aou_lr_phase2_v1.chr13	[]	false		gs://fc-secure-1c6b9393-5e5d-4a87-b483-d1f0b019af92/Reference_plink/aou_1000genomes.refmap	gs://fc-secure-1c6b9393-5e5d-4a87-b483-d1f0b019af92/outputs/gnomad_lai_90/chr13.gnomad_lai_90.vcf.bgz	gs://fc-secure-1c6b9393-5e5d-4a87-b483-d1f0b019af92/outputs/gnomad_lai_90/chr13.gnomad_lai_90.vcf.bgz.tbi		12345	0	0	true
aou_lr_phase2_v1.chr14	chr14	genome-wide production pin (recipe = chr20_flat_props_pin_t); probs off	true	false		false	true		true	0.25	0	8	AFR:8,AMR:12,EUR:8,EAS:8,SAS:8,MID:8	false	gs://fc-secure-1c6b9393-5e5d-4a87-b483-d1f0b019af92/submissions/4b6cbdb4-448d-4cf0-a13d-5b5189dc58bf/bcftools_bcf_to_vcf/6ca795f4-8652-4860-8eb5-e57ef31edc67/call-bcftools_bcf_to_vcf_task/aou_lr_phase2_v1.chr14.vcf.gz	gs://fc-secure-1c6b9393-5e5d-4a87-b483-d1f0b019af92/submissions/4b6cbdb4-448d-4cf0-a13d-5b5189dc58bf/bcftools_bcf_to_vcf/6ca795f4-8652-4860-8eb5-e57ef31edc67/call-bcftools_bcf_to_vcf_task/aou_lr_phase2_v1.chr14.vcf.gz.tbi		0	true	true	true	gs://fc-secure-1c6b9393-5e5d-4a87-b483-d1f0b019af92/maps/plink.chrchr14.GRCh38.map	50	0.005	lai_prod.aou_lr_phase2_v1.chr14	[]	false		gs://fc-secure-1c6b9393-5e5d-4a87-b483-d1f0b019af92/Reference_plink/aou_1000genomes.refmap	gs://fc-secure-1c6b9393-5e5d-4a87-b483-d1f0b019af92/outputs/gnomad_lai_90/chr14.gnomad_lai_90.vcf.bgz	gs://fc-secure-1c6b9393-5e5d-4a87-b483-d1f0b019af92/outputs/gnomad_lai_90/chr14.gnomad_lai_90.vcf.bgz.tbi		12345	0	0	true
aou_lr_phase2_v1.chr15	chr15	genome-wide production pin (recipe = chr20_flat_props_pin_t); probs off	true	false		false	true		true	0.25	0	8	AFR:8,AMR:12,EUR:8,EAS:8,SAS:8,MID:8	false	gs://fc-secure-1c6b9393-5e5d-4a87-b483-d1f0b019af92/submissions/4b6cbdb4-448d-4cf0-a13d-5b5189dc58bf/bcftools_bcf_to_vcf/e3659b64-89bb-4ec2-9de6-974e059bbef4/call-bcftools_bcf_to_vcf_task/attempt-3/aou_lr_phase2_v1.chr15.vcf.gz	gs://fc-secure-1c6b9393-5e5d-4a87-b483-d1f0b019af92/submissions/4b6cbdb4-448d-4cf0-a13d-5b5189dc58bf/bcftools_bcf_to_vcf/e3659b64-89bb-4ec2-9de6-974e059bbef4/call-bcftools_bcf_to_vcf_task/attempt-3/aou_lr_phase2_v1.chr15.vcf.gz.tbi		0	true	true	true	gs://fc-secure-1c6b9393-5e5d-4a87-b483-d1f0b019af92/maps/plink.chrchr15.GRCh38.map	50	0.005	lai_prod.aou_lr_phase2_v1.chr15	[]	false		gs://fc-secure-1c6b9393-5e5d-4a87-b483-d1f0b019af92/Reference_plink/aou_1000genomes.refmap	gs://fc-secure-1c6b9393-5e5d-4a87-b483-d1f0b019af92/outputs/gnomad_lai_90/chr15.gnomad_lai_90.vcf.bgz	gs://fc-secure-1c6b9393-5e5d-4a87-b483-d1f0b019af92/outputs/gnomad_lai_90/chr15.gnomad_lai_90.vcf.bgz.tbi		12345	0	0	true
aou_lr_phase2_v1.chr16	chr16	genome-wide production pin (recipe = chr20_flat_props_pin_t); probs off	true	false		false	true		true	0.25	0	8	AFR:8,AMR:12,EUR:8,EAS:8,SAS:8,MID:8	false	gs://fc-secure-1c6b9393-5e5d-4a87-b483-d1f0b019af92/submissions/4b6cbdb4-448d-4cf0-a13d-5b5189dc58bf/bcftools_bcf_to_vcf/b0163162-31e1-4f45-b7ae-c5e5a0b3fb0e/call-bcftools_bcf_to_vcf_task/aou_lr_phase2_v1.chr16.vcf.gz	gs://fc-secure-1c6b9393-5e5d-4a87-b483-d1f0b019af92/submissions/4b6cbdb4-448d-4cf0-a13d-5b5189dc58bf/bcftools_bcf_to_vcf/b0163162-31e1-4f45-b7ae-c5e5a0b3fb0e/call-bcftools_bcf_to_vcf_task/aou_lr_phase2_v1.chr16.vcf.gz.tbi		0	true	true	true	gs://fc-secure-1c6b9393-5e5d-4a87-b483-d1f0b019af92/maps/plink.chrchr16.GRCh38.map	50	0.005	lai_prod.aou_lr_phase2_v1.chr16	[]	false		gs://fc-secure-1c6b9393-5e5d-4a87-b483-d1f0b019af92/Reference_plink/aou_1000genomes.refmap	gs://fc-secure-1c6b9393-5e5d-4a87-b483-d1f0b019af92/outputs/gnomad_lai_90/chr16.gnomad_lai_90.vcf.bgz	gs://fc-secure-1c6b9393-5e5d-4a87-b483-d1f0b019af92/outputs/gnomad_lai_90/chr16.gnomad_lai_90.vcf.bgz.tbi		12345	0	0	true
aou_lr_phase2_v1.chr17	chr17	genome-wide production pin (recipe = chr20_flat_props_pin_t); probs off	true	false		false	true		true	0.25	0	8	AFR:8,AMR:12,EUR:8,EAS:8,SAS:8,MID:8	false	gs://fc-secure-1c6b9393-5e5d-4a87-b483-d1f0b019af92/submissions/4b6cbdb4-448d-4cf0-a13d-5b5189dc58bf/bcftools_bcf_to_vcf/7fe3a1a9-4c1a-4396-b61c-90992c4ec744/call-bcftools_bcf_to_vcf_task/aou_lr_phase2_v1.chr17.vcf.gz	gs://fc-secure-1c6b9393-5e5d-4a87-b483-d1f0b019af92/submissions/4b6cbdb4-448d-4cf0-a13d-5b5189dc58bf/bcftools_bcf_to_vcf/7fe3a1a9-4c1a-4396-b61c-90992c4ec744/call-bcftools_bcf_to_vcf_task/aou_lr_phase2_v1.chr17.vcf.gz.tbi		0	true	true	true	gs://fc-secure-1c6b9393-5e5d-4a87-b483-d1f0b019af92/maps/plink.chrchr17.GRCh38.map	50	0.005	lai_prod.aou_lr_phase2_v1.chr17	[]	false		gs://fc-secure-1c6b9393-5e5d-4a87-b483-d1f0b019af92/Reference_plink/aou_1000genomes.refmap	gs://fc-secure-1c6b9393-5e5d-4a87-b483-d1f0b019af92/outputs/gnomad_lai_90/chr17.gnomad_lai_90.vcf.bgz	gs://fc-secure-1c6b9393-5e5d-4a87-b483-d1f0b019af92/outputs/gnomad_lai_90/chr17.gnomad_lai_90.vcf.bgz.tbi		12345	0	0	true
aou_lr_phase2_v1.chr18	chr18	genome-wide production pin (recipe = chr20_flat_props_pin_t); probs off	true	false		false	true		true	0.25	0	8	AFR:8,AMR:12,EUR:8,EAS:8,SAS:8,MID:8	false	gs://fc-secure-1c6b9393-5e5d-4a87-b483-d1f0b019af92/submissions/4b6cbdb4-448d-4cf0-a13d-5b5189dc58bf/bcftools_bcf_to_vcf/7635a839-c366-43b6-99de-66ed152dd0ab/call-bcftools_bcf_to_vcf_task/aou_lr_phase2_v1.chr18.vcf.gz	gs://fc-secure-1c6b9393-5e5d-4a87-b483-d1f0b019af92/submissions/4b6cbdb4-448d-4cf0-a13d-5b5189dc58bf/bcftools_bcf_to_vcf/7635a839-c366-43b6-99de-66ed152dd0ab/call-bcftools_bcf_to_vcf_task/aou_lr_phase2_v1.chr18.vcf.gz.tbi		0	true	true	true	gs://fc-secure-1c6b9393-5e5d-4a87-b483-d1f0b019af92/maps/plink.chrchr18.GRCh38.map	50	0.005	lai_prod.aou_lr_phase2_v1.chr18	[]	false		gs://fc-secure-1c6b9393-5e5d-4a87-b483-d1f0b019af92/Reference_plink/aou_1000genomes.refmap	gs://fc-secure-1c6b9393-5e5d-4a87-b483-d1f0b019af92/outputs/gnomad_lai_90/chr18.gnomad_lai_90.vcf.bgz	gs://fc-secure-1c6b9393-5e5d-4a87-b483-d1f0b019af92/outputs/gnomad_lai_90/chr18.gnomad_lai_90.vcf.bgz.tbi		12345	0	0	true
aou_lr_phase2_v1.chr19	chr19	genome-wide production pin (recipe = chr20_flat_props_pin_t); probs off	true	false		false	true		true	0.25	0	8	AFR:8,AMR:12,EUR:8,EAS:8,SAS:8,MID:8	false	gs://fc-secure-1c6b9393-5e5d-4a87-b483-d1f0b019af92/submissions/4b6cbdb4-448d-4cf0-a13d-5b5189dc58bf/bcftools_bcf_to_vcf/6cd451f3-670b-485f-8d23-949745bdc2d1/call-bcftools_bcf_to_vcf_task/aou_lr_phase2_v1.chr19.vcf.gz	gs://fc-secure-1c6b9393-5e5d-4a87-b483-d1f0b019af92/submissions/4b6cbdb4-448d-4cf0-a13d-5b5189dc58bf/bcftools_bcf_to_vcf/6cd451f3-670b-485f-8d23-949745bdc2d1/call-bcftools_bcf_to_vcf_task/aou_lr_phase2_v1.chr19.vcf.gz.tbi		0	true	true	true	gs://fc-secure-1c6b9393-5e5d-4a87-b483-d1f0b019af92/maps/plink.chrchr19.GRCh38.map	50	0.005	lai_prod.aou_lr_phase2_v1.chr19	[]	false		gs://fc-secure-1c6b9393-5e5d-4a87-b483-d1f0b019af92/Reference_plink/aou_1000genomes.refmap	gs://fc-secure-1c6b9393-5e5d-4a87-b483-d1f0b019af92/outputs/gnomad_lai_90/chr19.gnomad_lai_90.vcf.bgz	gs://fc-secure-1c6b9393-5e5d-4a87-b483-d1f0b019af92/outputs/gnomad_lai_90/chr19.gnomad_lai_90.vcf.bgz.tbi		12345	0	0	true
aou_lr_phase2_v1.chr20	chr20	genome-wide production pin (recipe = chr20_flat_props_pin_t); probs off	true	false		false	true		true	0.25	0	8	AFR:8,AMR:12,EUR:8,EAS:8,SAS:8,MID:8	false	gs://fc-secure-1c6b9393-5e5d-4a87-b483-d1f0b019af92/submissions/4b6cbdb4-448d-4cf0-a13d-5b5189dc58bf/bcftools_bcf_to_vcf/b038e5ed-cd87-4c72-83bb-aeabc1c0e4c9/call-bcftools_bcf_to_vcf_task/aou_lr_phase2_v1.chr20.vcf.gz	gs://fc-secure-1c6b9393-5e5d-4a87-b483-d1f0b019af92/submissions/4b6cbdb4-448d-4cf0-a13d-5b5189dc58bf/bcftools_bcf_to_vcf/b038e5ed-cd87-4c72-83bb-aeabc1c0e4c9/call-bcftools_bcf_to_vcf_task/aou_lr_phase2_v1.chr20.vcf.gz.tbi		0	true	true	true	gs://fc-secure-1c6b9393-5e5d-4a87-b483-d1f0b019af92/maps/plink.chrchr20.GRCh38.map	50	0.005	lai_prod.aou_lr_phase2_v1.chr20	[]	false		gs://fc-secure-1c6b9393-5e5d-4a87-b483-d1f0b019af92/Reference_plink/aou_1000genomes.refmap	gs://fc-secure-1c6b9393-5e5d-4a87-b483-d1f0b019af92/outputs/gnomad_lai_90/chr20.gnomad_lai_90.vcf.bgz	gs://fc-secure-1c6b9393-5e5d-4a87-b483-d1f0b019af92/outputs/gnomad_lai_90/chr20.gnomad_lai_90.vcf.bgz.tbi		12345	0	0	true
aou_lr_phase2_v1.chr21	chr21	genome-wide production pin (recipe = chr20_flat_props_pin_t); probs off	true	false		false	true		true	0.25	0	8	AFR:8,AMR:12,EUR:8,EAS:8,SAS:8,MID:8	false	gs://fc-secure-1c6b9393-5e5d-4a87-b483-d1f0b019af92/submissions/4b6cbdb4-448d-4cf0-a13d-5b5189dc58bf/bcftools_bcf_to_vcf/bbe6b287-e33f-41ef-bfa6-f34d323c8d95/call-bcftools_bcf_to_vcf_task/aou_lr_phase2_v1.chr21.vcf.gz	gs://fc-secure-1c6b9393-5e5d-4a87-b483-d1f0b019af92/submissions/4b6cbdb4-448d-4cf0-a13d-5b5189dc58bf/bcftools_bcf_to_vcf/bbe6b287-e33f-41ef-bfa6-f34d323c8d95/call-bcftools_bcf_to_vcf_task/aou_lr_phase2_v1.chr21.vcf.gz.tbi		0	true	true	true	gs://fc-secure-1c6b9393-5e5d-4a87-b483-d1f0b019af92/maps/plink.chrchr21.GRCh38.map	50	0.005	lai_prod.aou_lr_phase2_v1.chr21	[]	false		gs://fc-secure-1c6b9393-5e5d-4a87-b483-d1f0b019af92/Reference_plink/aou_1000genomes.refmap	gs://fc-secure-1c6b9393-5e5d-4a87-b483-d1f0b019af92/outputs/gnomad_lai_90/chr21.gnomad_lai_90.vcf.bgz	gs://fc-secure-1c6b9393-5e5d-4a87-b483-d1f0b019af92/outputs/gnomad_lai_90/chr21.gnomad_lai_90.vcf.bgz.tbi		12345	0	0	true
aou_lr_phase2_v1.chr22	chr22	genome-wide production pin (recipe = chr20_flat_props_pin_t); probs off	true	false		false	true		true	0.25	0	8	AFR:8,AMR:12,EUR:8,EAS:8,SAS:8,MID:8	false	gs://fc-secure-1c6b9393-5e5d-4a87-b483-d1f0b019af92/submissions/4b6cbdb4-448d-4cf0-a13d-5b5189dc58bf/bcftools_bcf_to_vcf/10ac3d87-e9e5-48f7-aee0-e2c18f6ef531/call-bcftools_bcf_to_vcf_task/aou_lr_phase2_v1.chr22.vcf.gz	gs://fc-secure-1c6b9393-5e5d-4a87-b483-d1f0b019af92/submissions/4b6cbdb4-448d-4cf0-a13d-5b5189dc58bf/bcftools_bcf_to_vcf/10ac3d87-e9e5-48f7-aee0-e2c18f6ef531/call-bcftools_bcf_to_vcf_task/aou_lr_phase2_v1.chr22.vcf.gz.tbi		0	true	true	true	gs://fc-secure-1c6b9393-5e5d-4a87-b483-d1f0b019af92/maps/plink.chrchr22.GRCh38.map	50	0.005	lai_prod.aou_lr_phase2_v1.chr22	[]	false		gs://fc-secure-1c6b9393-5e5d-4a87-b483-d1f0b019af92/Reference_plink/aou_1000genomes.refmap	gs://fc-secure-1c6b9393-5e5d-4a87-b483-d1f0b019af92/outputs/gnomad_lai_90/chr22.gnomad_lai_90.vcf.bgz	gs://fc-secure-1c6b9393-5e5d-4a87-b483-d1f0b019af92/outputs/gnomad_lai_90/chr22.gnomad_lai_90.vcf.bgz.tbi		12345	0	0	true
